{
    "S2": 
    {
        "base": 20.97902097902098,
        "tsst": 51.048951048951054,
        "medi1": 13.286713286713287,
        "fun": 13.986013986013987,
        "medi2": 16.783216783216783
    },
    "S3": 
    {
        "base": 13.286713286713287,
        "tsst": 60.83916083916085,
        "medi1": 24.475524475524477,
        "fun": 11.188811188811188,
        "medi2": 24.475524475524477
    },
    "S4": 
    {
        "base": 23.776223776223777,
        "fun": 8.391608391608392,
        "medi1": 44.05594405594406,
        "tsst": 49.65034965034965,
        "medi2": 32.16783216783217
    },
    "S5": 
    {
        "base": 10.48951048951049,
        "fun": 19.58041958041958,
        "medi1": 11.888111888111888,
        "tsst": 43.35664335664335,
        "medi2": 12.587412587412588
    },
    "S6": 
    {
        "base": 6.993006993006993,
        "tsst": 20.97902097902098,
        "medi1": 16.083916083916083,
        "fun": 17.482517482517483,
        "medi2": 0.0
    },
    "S7": 
    {
        "base": 8.391608391608392,
        "fun": 11.888111888111888,
        "medi1": 17.482517482517483,
        "tsst": 48.25174825174825,
        "medi2": 20.97902097902098
    },
    "S8": 
    {
        "base": 27.27272727272727,
        "fun": 24.475524475524477,
        "medi1": 28.671328671328673,
        "tsst": 46.85314685314685,
        "medi2": 28.67132867132867322
    },
    "S9": 
    {
        "base": 17.482517482517483,
        "tsst": 26.573426573426573,
        "medi1": 10.48951048951049,
        "fun": 15.384615384615385,
        "medi2": 11.888111888111888
    },
    "S10": 
    {
        "base": 20.97902097902098,
        "fun": 8.391608391608392,
        "medi1": 19.58041958041958,
        "tsst": 79.72027972027972,
        "medi2": 27.27272727272727
    },
    "S11": 
    {
        "base": 17.482517482517483,
        "tsst": 42.65734265734265,
        "medi1": 8.391608391608392,
        "fun": 10.48951048951049,
        "medi2": 11.888111888111888
    },
    "S13": 
    {
        "base": 25.874125874125873,
        "fun": 13.986013986013987,
        "medi1": 13.286713286713287,
        "tsst": 69.93006993006993,
        "medi2": 59.44055944055944
    },
    "S14": 
    {
        "base": 18.88111888111888,
        "tsst": 39.86013986013986,
        "medi1": 20.97902097902098,
        "fun": 14.685314685314685,
        "medi2": 14.685314685314685
    },
    "S15": 
    {
        "base": 25.874125874125873,
        "fun": 18.88111888111888,
        "medi1": 15.384615384615385,
        "tsst": 61.53846153846154,
        "medi2": 18.181818181818183
    },
    "S16": 
    {
        "base": 16.783216783216783,
        "tsst": 72.72727272727273,
        "medi1": 16.083916083916083,
        "fun": 23.776223776223777,
        "medi2": 20.97902097902098
    },
    "S17": 
    {
        "base": 18.88111888111888,
        "fun": 6.293706293706294,
        "medi1": 18.88111888111888,
        "tsst": 100.0,
        "medi2": 28.671328671328673
    }
}